tissue,scenario,mu_median,k1_median,k2_median,b_median,mu_p05,k1_p05,k2_p05,b_p05,mu_p95,k1_p95,k2_p95,b_p95,phi_deg_median
abdominal_aorta,"30 y, F, non-smoker",15.863153261085728,39.189182943570444,4.7211166251786585,2.5100233299913572,13.887419665136397,33.30215690057008,4.079361375484892,2.215764998070781,18.082237586425837,46.28518213981999,5.38394182935103,2.8763779219137136,39.76073292858274
abdominal_aorta,"50 y, M, non-smoker",20.122583112307993,52.20356251849889,6.481930965826973,2.3263036124545797,17.43991238103895,42.67584481552495,5.700235893649499,2.0406979092967252,22.1733145109166,62.62196293136393,7.3413100705724545,2.6224485633196895,39.769783895830514
abdominal_aorta,"70 y, M, smoker",34.24518602690556,93.57356688381529,12.514368946357141,2.2939086099205985,29.841875550552913,74.24066907959963,10.444525359011395,1.9930684230676368,38.38161377717642,112.85760715117212,14.288015133291227,2.634545226395827,39.76073292858274
abdominal_aorta,"70 y, F, smoker",31.980319138791213,98.54799741508131,12.966322173007793,2.5674302403102383,28.375071550365686,82.6365754721573,11.230126207560998,2.2044586130058965,35.844400757451425,118.88497581357312,14.972748175972644,2.8675264105442952,39.76829138549245
linea_alba,"30 y, F, non-smoker",12.6532595779854,146.80048018167895,2.245677787472857,9.581184589041865,10.926259323043318,124.40076116969352,1.8920485840330037,7.939498212344169,14.374559892963902,175.7604301124413,2.5942531966224487,11.085721004538945,86.05302791841083
linea_alba,"50 y, M, non-smoker",16.191173391404334,194.9956521640039,3.1113657425979486,8.745861383797148,14.211942379001501,163.75034635063722,2.7089569624829934,7.528946851339189,18.451109379196602,236.16649081614352,3.6986147930801763,10.491049061638984,85.74864638143151
linea_alba,"70 y, M, smoker",27.432034992337357,347.34575312622746,5.916584114636428,8.613932437601251,23.83548900014383,289.77922877101076,4.9953124042394235,7.186360793311016,30.652127016356037,411.3876570328765,6.856350705916918,10.076011527149106,85.97512136664727
linea_alba,"70 y, F, smoker",25.255070083455173,357.36436847629807,6.1603637014125825,9.513154667022203,21.967381775755563,307.33642751706174,5.248950796547583,8.051695762093983,28.97290124987487,434.35437016226143,7.2403886928145536,11.204689675737608,85.95491736494931
rectus_sheath,"30 y, F, non-smoker",6.434941613411804,94.85788897297489,3.057772723985348,1.0673574321809145,5.617416588640218,77.7112406805255,2.6373434808376275,0.9859733253815738,7.5792952182706355,114.28467547434205,3.657551915197106,1.2024217928697938,66.40601550080113
rectus_sheath,"50 y, M, non-smoker",8.319926715354045,125.95978857028439,4.246493561475881,0.9743387538902708,7.003151924623068,105.33970020335931,3.7479971995673886,0.8918916245080246,9.499902478483763,146.93735881920193,4.853616401168721,1.0842229150284242,66.40996126206329
rectus_sheath,"70 y, M, smoker",13.95409183289509,223.96456014873928,8.247532476627804,0.9659131655297806,12.079653994305053,188.66121895337236,7.151412148413518,0.8797438327115318,16.314801777165194,262.81698875715733,9.385774806770282,1.0880724434468914,66.38423924976622
rectus_sheath,"70 y, F, smoker",13.263739925935216,231.32889531596584,8.55539274856162,1.0754285757518867,11.145389120239235,187.8835937656466,7.296138321507709,0.9744800492181888,15.218204549200655,286.46779178823493,9.633236552650132,1.172465554546981,66.38300639413568
