covariate,param,factor_median,factor_lo,factor_hi,prob_increase
age_z,mu,1.1388912702864022,1.1137799991598762,1.1654336370599545,1.0
age_z,k1,1.2818138042027098,1.271824380375327,1.2923765422241094,1.0
age_z,k2,1.3148165727719099,1.2985898156666382,1.3314545654989813,1.0
age_z,b,1.013689658346783,0.9847154789094922,1.041952145385895,0.815
smoker,mu,1.423623984313627,1.3892493519958051,1.4589007242036331,1.0
smoker,k1,1.2844341214161719,1.2706692703433513,1.2990244991872348,1.0
smoker,k2,1.3233530997913707,1.306859641097596,1.3402778883717124,1.0
smoker,b,0.9664666856707897,0.9312583772677917,1.0019401965354038,0.036
male,mu,1.0679912362079773,1.0350746127438466,1.1045528400505045,1.0
male,k1,0.9565738673089726,0.9460332046133738,0.9679340147483295,0.0
male,k2,0.9674124064264364,0.9480177647755497,0.9881822243814957,0.001
male,b,0.8974465570733174,0.862861350851926,0.9370872342112304,0.0
